{"loss":11.033586502075195,"_timestamp":1.7515385134496331e+09,"_step":0,"_wandb":{"runtime":236},"_runtime":236}